{
    "properties": {},
    "description": "[DAT999] Create Demo Data",
    "processes": {
        "readfile1": {
            "component": "com.sap.file.read",
            "metadata": {
                "label": "Read File",
                "x": 304,
                "y": 208,
                "height": 80,
                "width": 120,
                "config": {
                    "mode": "Once",
                    "connection": {
                        "configurationType": "System Management Files (\"/files/\")",
                        "vrepRoot": "/files/"
                    },
                    "path": "vflow/graphs/demo/teched/DAT_999/create_demo_data/reviews.csv"
                }
            }
        },
        "wiretap1": {
            "component": "com.sap.util.wiretap",
            "metadata": {
                "label": "Wiretap",
                "x": 486,
                "y": 208,
                "height": 80,
                "width": 120,
                "ui": "dynpath",
                "config": {}
            }
        },
        "python3operator1": {
            "component": "com.sap.system.python3Operator",
            "metadata": {
                "label": "Python3 Operator",
                "x": 660,
                "y": 208,
                "height": 80,
                "width": 120,
                "extensible": true,
                "config": {
                    "script": "import os\nimport random\nimport datetime\nimport os,binascii\n\nN = int(api.config.num_of_reviews)\n\ndef on_input(msg):\n    tab = msg.body.decode(\"utf-8\").split(\"\\n\")\n    \n    out = [\"REVIEW_ID,PRODUCT_ID,COUNTRY,CREATED,TITLE,TEXT\"]\n    for i in range(N):\n      rec = random.choice(tab)\n      rid = binascii.b2a_hex(os.urandom(15)).decode(\"utf-8\")\n      out.append(\"%s,%s\" % (rid,rec))\n    api.send(\"output\", api.Message(\"\\n\".join(out), {\"file\": {\"path\": \"foo1.csv\"}}))\n\napi.set_port_callback(\"input\", on_input)\n\n\n\n",
                    "num_of_reviews": "100"
                },
                "additionalinports": [
                    {
                        "name": "input",
                        "type": "message.file"
                    }
                ],
                "additionaloutports": [
                    {
                        "name": "output",
                        "type": "message.file"
                    }
                ]
            }
        },
        "wiretap2": {
            "component": "com.sap.util.wiretap",
            "metadata": {
                "label": "Wiretap",
                "x": 830,
                "y": 208,
                "height": 80,
                "width": 120,
                "ui": "dynpath",
                "config": {}
            }
        },
        "writefile1": {
            "component": "com.sap.file.write",
            "metadata": {
                "label": "Write File",
                "x": 1012,
                "y": 208,
                "height": 80,
                "width": 120,
                "config": {
                    "connection": {
                        "configurationType": "System Management Files (\"/files/\")",
                        "vrepRoot": "/files/"
                    },
                    "mode": "Overwrite"
                }
            }
        }
    },
    "groups": [],
    "connections": [
        {
            "metadata": {
                "points": "428,239 454.5,239 454.5,248 481,248"
            },
            "src": {
                "port": "file",
                "process": "readfile1"
            },
            "tgt": {
                "port": "in",
                "process": "wiretap1"
            }
        },
        {
            "metadata": {
                "points": "610,248 655,248"
            },
            "src": {
                "port": "out",
                "process": "wiretap1"
            },
            "tgt": {
                "port": "input",
                "process": "python3operator1"
            }
        },
        {
            "metadata": {
                "points": "784,248 825,248"
            },
            "src": {
                "port": "output",
                "process": "python3operator1"
            },
            "tgt": {
                "port": "in",
                "process": "wiretap2"
            }
        },
        {
            "metadata": {
                "points": "954,248 1007,248"
            },
            "src": {
                "port": "out",
                "process": "wiretap2"
            },
            "tgt": {
                "port": "file",
                "process": "writefile1"
            }
        }
    ],
    "inports": {},
    "outports": {}
}